{
  "initial_path": "/home/ubuntu/checkpoint/keunyoung/umcg/full_gradient_3000_20260721T232425_KST_f57ee32/pilot_350m_exact_1_1_1.json.initial.safetensors",
  "method": "full_coordinate_streaming_parameter_delta_comparison",
  "schema_version": 1,
  "steps": [
    {
      "element_count": 368174080,
      "full_path": "/home/ubuntu/checkpoint/keunyoung/umcg/full_gradient_3000_20260721T232425_KST_f57ee32/exports/full_3000_no_ddp_split_step00030.safetensors",
      "full_rr_difference_relative_to_full_update": 0.110752348838477,
      "full_rr_update_cosine_similarity": 0.9938503859205153,
      "full_rr_weight_difference_l2_norm": 0.4207776964839872,
      "full_rr_weight_difference_relative_to_initial": 0.0009470510776411296,
      "full_update_l2_norm": 3.7992665699366444,
      "full_update_relative_to_initial": 0.008551069910240225,
      "initial_weight_l2_norm": 444.3030649751654,
      "maximum_absolute_weight_difference": 0.0004381239414215088,
      "rr_path": "/home/ubuntu/checkpoint/keunyoung/umcg/full_gradient_3000_20260721T232425_KST_f57ee32/exports/rr_3000_step00030.safetensors",
      "rr_update_l2_norm": 3.767690181302414,
      "rr_update_relative_to_initial": 0.008480000428340533,
      "step": 30,
      "tensor_count": 219
    },
    {
      "element_count": 368174080,
      "full_path": "/home/ubuntu/checkpoint/keunyoung/umcg/full_gradient_3000_20260721T232425_KST_f57ee32/exports/full_3000_no_ddp_split_step00300.safetensors",
      "full_rr_difference_relative_to_full_update": 0.33083726205895575,
      "full_rr_update_cosine_similarity": 0.9449349624271041,
      "full_rr_weight_difference_l2_norm": 24.857237873342648,
      "full_rr_weight_difference_relative_to_initial": 0.05594658203569237,
      "full_update_l2_norm": 75.13433559038778,
      "full_update_relative_to_initial": 0.1691060483559515,
      "initial_weight_l2_norm": 444.3030649751654,
      "maximum_absolute_weight_difference": 0.03704843483865261,
      "rr_path": "/home/ubuntu/checkpoint/keunyoung/umcg/full_gradient_3000_20260721T232425_KST_f57ee32/exports/rr_3000_step00300.safetensors",
      "rr_update_l2_norm": 74.64349730617026,
      "rr_update_relative_to_initial": 0.16800131079523953,
      "step": 300,
      "tensor_count": 219
    },
    {
      "element_count": 368174080,
      "full_path": "/home/ubuntu/checkpoint/keunyoung/umcg/full_gradient_3000_20260721T232425_KST_f57ee32/exports/full_3000_no_ddp_split_step01500.safetensors",
      "full_rr_difference_relative_to_full_update": 0.7160372977640191,
      "full_rr_update_cosine_similarity": 0.7433931502310946,
      "full_rr_weight_difference_l2_norm": 154.48592634885307,
      "full_rr_weight_difference_relative_to_initial": 0.3477039402316258,
      "full_update_l2_norm": 215.7512280872361,
      "full_update_relative_to_initial": 0.4855947327288765,
      "initial_weight_l2_norm": 444.3030649751654,
      "maximum_absolute_weight_difference": 0.10191263630986214,
      "rr_path": "/home/ubuntu/checkpoint/keunyoung/umcg/full_gradient_3000_20260721T232425_KST_f57ee32/exports/rr_3000_step01500.safetensors",
      "rr_update_l2_norm": 215.53882180431154,
      "rr_update_relative_to_initial": 0.485116666517615,
      "step": 1500,
      "tensor_count": 219
    },
    {
      "element_count": 368174080,
      "full_path": "/home/ubuntu/checkpoint/keunyoung/umcg/full_gradient_3000_20260721T232425_KST_f57ee32/exports/full_3000_no_ddp_split_step02700.safetensors",
      "full_rr_difference_relative_to_full_update": 0.7430113295856211,
      "full_rr_update_cosine_similarity": 0.7235554799588798,
      "full_rr_weight_difference_l2_norm": 172.46287746098295,
      "full_rr_weight_difference_relative_to_initial": 0.3881649510354444,
      "full_update_l2_norm": 232.11338857668005,
      "full_update_relative_to_initial": 0.5224213085040369,
      "initial_weight_l2_norm": 444.3030649751654,
      "maximum_absolute_weight_difference": 0.10806139372289181,
      "rr_path": "/home/ubuntu/checkpoint/keunyoung/umcg/full_gradient_3000_20260721T232425_KST_f57ee32/exports/rr_3000_step02700.safetensors",
      "rr_update_l2_norm": 231.76685599195284,
      "rr_update_relative_to_initial": 0.5216413620844763,
      "step": 2700,
      "tensor_count": 219
    },
    {
      "element_count": 368174080,
      "full_path": "/home/ubuntu/checkpoint/keunyoung/umcg/full_gradient_3000_20260721T232425_KST_f57ee32/exports/full_3000_no_ddp_split_step03000.safetensors",
      "full_rr_difference_relative_to_full_update": 0.7430721893202888,
      "full_rr_update_cosine_similarity": 0.723503655277863,
      "full_rr_weight_difference_l2_norm": 172.54017667440104,
      "full_rr_weight_difference_relative_to_initial": 0.38833892960888144,
      "full_update_l2_norm": 232.1984043464591,
      "full_update_relative_to_initial": 0.522612654854042,
      "initial_weight_l2_norm": 444.3030649751654,
      "maximum_absolute_weight_difference": 0.10807688534259796,
      "rr_path": "/home/ubuntu/checkpoint/keunyoung/umcg/full_gradient_3000_20260721T232425_KST_f57ee32/exports/rr_3000_step03000.safetensors",
      "rr_update_l2_norm": 231.8462344014,
      "rr_update_relative_to_initial": 0.5218200203376027,
      "step": 3000,
      "tensor_count": 219
    }
  ]
}
